{
  "1.1": {
    "summary": {
      "right": {
        "n_reps": 3,
        "motion_mean_cm": 29.187772480446537,
        "motion_std_cm": 12.551974074140142,
        "overshoot_mean_cm": 9.004075885641598,
        "err_fin_mean_cm": -0.3840424439886417,
        "err_fin_std_cm": 12.268835837984613,
        "settling_mean_s": 9.972760200500488,
        "response_mean_s": 0.282106876373291
      },
      "up": {
        "n_reps": 3,
        "motion_mean_cm": 30.789113518370666,
        "motion_std_cm": 5.597539903087194,
        "overshoot_mean_cm": 12.54457079959952,
        "err_fin_mean_cm": -4.576849102199902,
        "err_fin_std_cm": 9.665742325042519,
        "settling_mean_s": 9.962799628575643,
        "response_mean_s": 0.564518928527832
      },
      "left": {
        "n_reps": 3,
        "motion_mean_cm": -30.55139341138337,
        "motion_std_cm": 11.241527993517597,
        "overshoot_mean_cm": 18.415846545334208,
        "err_fin_mean_cm": -7.771856460949041,
        "err_fin_std_cm": 17.693982443504854,
        "settling_mean_s": 9.90908702214559,
        "response_mean_s": 0.03361010551452637
      },
      "down": {
        "n_reps": 3,
        "motion_mean_cm": -36.107904971297415,
        "motion_std_cm": 9.437067668953489,
        "overshoot_mean_cm": 19.01500928199013,
        "err_fin_mean_cm": -3.002343972355844,
        "err_fin_std_cm": 0.9677788168265543,
        "settling_mean_s": 9.93559734026591,
        "response_mean_s": 0.23514628410339355
      }
    },
    "n_reps_total": 12,
    "model_fit": {
      "cmd_used": "right",
      "rep_used": 2,
      "K": 42.355954285997726,
      "zeta": 0.9999993818516294,
      "wn": 1.885145572530344,
      "t0_s": 0.568793228345552,
      "rmse_cm": 2.7858408422729393
    }
  },
  "1.2": {
    "n": 12,
    "mean_ms": 1202.7036945025127,
    "std_ms": 422.97440208158935,
    "median_ms": 1028.7662744522095,
    "min_ms": 679.1331768035889,
    "max_ms": 2045.3686714172363,
    "p25_ms": 981.6775918006897,
    "p75_ms": 1452.0180225372314,
    "p90_ms": 1853.7381887435915,
    "p95_ms": 1962.7280473709106
  },
  "1.3": {
    "n_samples": 1184,
    "duration_s": 59.971412897109985,
    "std_x_cm": 4.279060956941797,
    "std_y_cm": 5.470036283274186,
    "std_z_cm": 3.702716445057571,
    "range_x_cm": 43.26936131249166,
    "range_y_cm": 39.53439815608579,
    "range_z_cm": 23.96204588437061,
    "drift_xy_max_cm": 44.71528775359474,
    "tof_mean_cm": 139.66216216216216,
    "tof_std_cm": 2.1493014975077913
  },
  "2.1": {
    "n_samples": 817,
    "duration_s": 59.98568606376648,
    "loop_hz": 13.619915910130725,
    "err_3d_mean_cm": 9.18722941486983,
    "err_3d_steady_mean_cm": 8.072783150837779,
    "err_3d_max_cm": 58.5225577395994,
    "err_x_mean_cm": -0.3399715718681641,
    "err_x_std_cm": 5.405641966240547,
    "err_y_mean_cm": -0.5313046527307953,
    "err_y_std_cm": 6.639657185756655,
    "err_z_mean_cm": -0.09302099809651543,
    "err_z_std_cm": 4.673585578013949,
    "n_perturbations": 5,
    "perturbation_peak_max_cm": 45.52061365626815,
    "perturbation_recovery_mean_s": 3.1682653427124023
  }
}